intent_id,answerability,EN_decision,MY_decision,MIX_decision,EN_decision_correct,MY_decision_correct,MIX_decision_correct,EN_hit_at_5,MY_hit_at_5,MIX_hit_at_5,MY_false_abstention_EN_correct,MY_false_abstention_MIX_correct,MY_false_abstention_EN_and_MIX_correct,semantic_assessment
Q001,answerable,ABSTAIN,ANSWER,ANSWER,0,1,1,0,1,1,0,0,0,NOT_EVALUATED
Q003,answerable,ANSWER,ABSTAIN,ANSWER,1,0,1,1,1,1,1,1,1,NOT_EVALUATED
Q004,answerable,ANSWER,ABSTAIN,ABSTAIN,1,0,0,0,1,1,1,0,0,NOT_EVALUATED
Q007,answerable,ANSWER,ABSTAIN,ANSWER,1,0,1,0,0,0,1,1,1,NOT_EVALUATED
Q014,answerable,ANSWER,ABSTAIN,ABSTAIN,1,0,0,1,1,1,1,0,0,NOT_EVALUATED
Q015,answerable,ANSWER,ABSTAIN,ANSWER,1,0,1,1,0,1,1,1,1,NOT_EVALUATED
Q016,answerable,ANSWER,ABSTAIN,ANSWER,1,0,1,1,0,1,1,1,1,NOT_EVALUATED
Q017,answerable,ANSWER,ABSTAIN,ABSTAIN,1,0,0,1,1,1,1,0,0,NOT_EVALUATED
Q018,answerable,ANSWER,ABSTAIN,ANSWER,1,0,1,1,0,1,1,1,1,NOT_EVALUATED
Q019,answerable,ANSWER,ABSTAIN,ANSWER,1,0,1,1,1,1,1,1,1,NOT_EVALUATED
Q022,unanswerable,ABSTAIN,ABSTAIN,ANSWER,1,1,0,,,,0,0,0,NOT_EVALUATED
Q023,unanswerable,ANSWER,ABSTAIN,ANSWER,0,1,0,,,,0,0,0,NOT_EVALUATED
Q031,answerable,ANSWER,ABSTAIN,ABSTAIN,1,0,0,1,1,1,1,0,0,NOT_EVALUATED
Q033,answerable,ANSWER,ABSTAIN,ANSWER,1,0,1,1,0,1,1,1,1,NOT_EVALUATED
Q035,answerable,ANSWER,ABSTAIN,ANSWER,1,0,1,1,0,1,1,1,1,NOT_EVALUATED
Q036,answerable,ABSTAIN,ABSTAIN,ANSWER,0,0,1,0,0,0,0,1,0,NOT_EVALUATED
Q037,answerable,ANSWER,ABSTAIN,ANSWER,1,0,1,1,1,1,1,1,1,NOT_EVALUATED
Q038,answerable,ABSTAIN,ANSWER,ABSTAIN,0,1,0,1,1,1,0,0,0,NOT_EVALUATED
Q040,answerable,ANSWER,ABSTAIN,ANSWER,1,0,1,1,1,1,1,1,1,NOT_EVALUATED
Q041,answerable,ANSWER,ABSTAIN,ABSTAIN,1,0,0,1,1,1,1,0,0,NOT_EVALUATED
Q042,answerable,ABSTAIN,ANSWER,ANSWER,0,1,1,1,1,1,0,0,0,NOT_EVALUATED
Q043,answerable,ABSTAIN,ABSTAIN,ANSWER,0,0,1,0,1,1,0,1,0,NOT_EVALUATED
Q044,answerable,ABSTAIN,ANSWER,ABSTAIN,0,1,0,0,1,0,0,0,0,NOT_EVALUATED
Q047,unanswerable,ABSTAIN,ABSTAIN,ANSWER,1,1,0,,,,0,0,0,NOT_EVALUATED
Q048,unanswerable,ABSTAIN,ABSTAIN,ANSWER,1,1,0,,,,0,0,0,NOT_EVALUATED
Q049,unanswerable,ANSWER,ANSWER,ABSTAIN,0,0,1,,,,0,0,0,NOT_EVALUATED
Q051,answerable,ABSTAIN,ABSTAIN,ANSWER,0,0,1,1,1,1,0,1,0,NOT_EVALUATED
Q053,answerable,ABSTAIN,ABSTAIN,ANSWER,0,0,1,1,1,1,0,1,0,NOT_EVALUATED
Q055,answerable,ABSTAIN,ANSWER,ANSWER,0,1,1,1,1,1,0,0,0,NOT_EVALUATED
Q056,answerable,ANSWER,ABSTAIN,ANSWER,1,0,1,1,1,1,1,1,1,NOT_EVALUATED
Q059,answerable,ANSWER,ANSWER,ABSTAIN,1,1,0,1,1,0,0,0,0,NOT_EVALUATED
Q060,answerable,ANSWER,ABSTAIN,ANSWER,1,0,1,0,1,1,1,1,1,NOT_EVALUATED
Q066,answerable,ANSWER,ABSTAIN,ANSWER,1,0,1,1,1,1,1,1,1,NOT_EVALUATED
Q071,answerable,ANSWER,ABSTAIN,ANSWER,1,0,1,1,0,1,1,1,1,NOT_EVALUATED
Q072,answerable,ANSWER,ABSTAIN,ANSWER,1,0,1,1,1,1,1,1,1,NOT_EVALUATED
Q074,answerable,ANSWER,ABSTAIN,ANSWER,1,0,1,1,1,1,1,1,1,NOT_EVALUATED
Q077,answerable,ABSTAIN,ANSWER,ANSWER,0,1,1,0,1,1,0,0,0,NOT_EVALUATED
