language,answerability,gold_page_hit_at_5,decision,count,language_answerable_denominator,interpretation_boundary
ALL,answerable,1,ANSWER,123,180,"gold-page intersection, not semantic evidence sufficiency"
ALL,answerable,1,ABSTAIN,34,180,"gold-page intersection, not semantic evidence sufficiency"
ALL,answerable,0,ANSWER,8,180,"gold-page intersection, not semantic evidence sufficiency"
ALL,answerable,0,ABSTAIN,15,180,"gold-page intersection, not semantic evidence sufficiency"
EN,answerable,1,ANSWER,45,60,"gold-page intersection, not semantic evidence sufficiency"
EN,answerable,1,ABSTAIN,7,60,"gold-page intersection, not semantic evidence sufficiency"
EN,answerable,0,ANSWER,3,60,"gold-page intersection, not semantic evidence sufficiency"
EN,answerable,0,ABSTAIN,5,60,"gold-page intersection, not semantic evidence sufficiency"
MY,answerable,1,ANSWER,30,60,"gold-page intersection, not semantic evidence sufficiency"
MY,answerable,1,ABSTAIN,19,60,"gold-page intersection, not semantic evidence sufficiency"
MY,answerable,0,ANSWER,3,60,"gold-page intersection, not semantic evidence sufficiency"
MY,answerable,0,ABSTAIN,8,60,"gold-page intersection, not semantic evidence sufficiency"
MIX,answerable,1,ANSWER,48,60,"gold-page intersection, not semantic evidence sufficiency"
MIX,answerable,1,ABSTAIN,8,60,"gold-page intersection, not semantic evidence sufficiency"
MIX,answerable,0,ANSWER,2,60,"gold-page intersection, not semantic evidence sufficiency"
MIX,answerable,0,ABSTAIN,2,60,"gold-page intersection, not semantic evidence sufficiency"
