scope_type,scope_value,metric,numerator,denominator,proportion
overall,all,false_abstention,49,222,0.22072072072072071
overall,all,false_answer,10,222,0.04504504504504504
overall,all,gold_page_miss_at_5,23,222,0.1036036036036036
overall,all,contract_invalid,10,222,0.04504504504504504
overall,all,infrastructure_event_recorded,5,222,0.02252252252252252
language,EN,false_abstention,12,74,0.16216216216216217
language,EN,false_answer,3,74,0.04054054054054054
language,EN,gold_page_miss_at_5,8,74,0.10810810810810811
language,EN,contract_invalid,2,74,0.02702702702702703
language,EN,infrastructure_event_recorded,2,74,0.02702702702702703
language,MY,false_abstention,27,74,0.36486486486486486
language,MY,false_answer,2,74,0.02702702702702703
language,MY,gold_page_miss_at_5,11,74,0.14864864864864866
language,MY,contract_invalid,2,74,0.02702702702702703
language,MY,infrastructure_event_recorded,1,74,0.013513513513513514
language,MIX,false_abstention,10,74,0.13513513513513514
language,MIX,false_answer,5,74,0.06756756756756757
language,MIX,gold_page_miss_at_5,4,74,0.05405405405405406
language,MIX,contract_invalid,6,74,0.08108108108108109
language,MIX,infrastructure_event_recorded,2,74,0.02702702702702703
answerability,answerable,false_abstention,49,180,0.2722222222222222
answerability,answerable,false_answer,0,180,0.0
answerability,answerable,gold_page_miss_at_5,23,180,0.12777777777777777
answerability,answerable,contract_invalid,9,180,0.05
answerability,answerable,infrastructure_event_recorded,5,180,0.027777777777777776
answerability,unanswerable,false_abstention,0,42,0.0
answerability,unanswerable,false_answer,10,42,0.23809523809523808
answerability,unanswerable,gold_page_miss_at_5,0,42,0.0
answerability,unanswerable,contract_invalid,1,42,0.023809523809523808
answerability,unanswerable,infrastructure_event_recorded,0,42,0.0
