run_id,split_label,intent_id,variant_id,language_condition,answerability,decision,decision_correct,hit_at_1,hit_at_3,hit_at_5,false_abstention,false_answer,gold_page_miss_at_5,contract_invalid,infrastructure_event_recorded,error_status,validation_stage,infrastructure_error_class,attempt_count,structural_flag_count,structural_flags,semantic_assessment
uit-ollama-heldout-v1.1-20260819-03,heldout_test,Q001,Q001-EN,EN,answerable,ABSTAIN,0,0,0,0,1,0,1,0,0,ok,validated,,1,2,false_abstention|gold_page_miss_at_5,NOT_EVALUATED
uit-ollama-heldout-v1.1-20260819-03,heldout_test,Q003,Q003-MY,MY,answerable,ABSTAIN,0,1,1,1,1,0,0,0,0,ok,validated,,1,1,false_abstention,NOT_EVALUATED
uit-ollama-heldout-v1.1-20260819-03,heldout_test,Q004,Q004-EN,EN,answerable,ANSWER,1,0,0,0,0,0,1,0,0,ok,validated,,1,1,gold_page_miss_at_5,NOT_EVALUATED
uit-ollama-heldout-v1.1-20260819-03,heldout_test,Q004,Q004-MY,MY,answerable,ABSTAIN,0,1,1,1,1,0,0,0,0,ok,validated,,1,1,false_abstention,NOT_EVALUATED
uit-ollama-heldout-v1.1-20260819-03,heldout_test,Q004,Q004-MIX,MIX,answerable,ABSTAIN,0,0,0,1,1,0,0,0,0,ok,validated,,1,1,false_abstention,NOT_EVALUATED
uit-ollama-heldout-v1.1-20260819-03,heldout_test,Q005,Q005-MIX,MIX,answerable,ANSWER,1,1,1,1,0,0,0,1,0,ValueError,citation_and_contract_validation,,1,1,contract_invalid,NOT_EVALUATED
uit-ollama-heldout-v1.1-20260819-03,heldout_test,Q007,Q007-EN,EN,answerable,ANSWER,1,0,0,0,0,0,1,0,0,ok,validated,,1,1,gold_page_miss_at_5,NOT_EVALUATED
uit-ollama-heldout-v1.1-20260819-03,heldout_test,Q007,Q007-MY,MY,answerable,ABSTAIN,0,0,0,0,1,0,1,0,0,ok,validated,,1,2,false_abstention|gold_page_miss_at_5,NOT_EVALUATED
uit-ollama-heldout-v1.1-20260819-03,heldout_test,Q007,Q007-MIX,MIX,answerable,ANSWER,1,0,0,0,0,0,1,0,0,ok,validated,,1,1,gold_page_miss_at_5,NOT_EVALUATED
uit-ollama-heldout-v1.1-20260819-03,heldout_test,Q009,Q009-MY,MY,answerable,ANSWER,1,0,0,0,0,0,1,0,0,ok,validated,,1,1,gold_page_miss_at_5,NOT_EVALUATED
uit-ollama-heldout-v1.1-20260819-03,heldout_test,Q014,Q014-MY,MY,answerable,ABSTAIN,0,1,1,1,1,0,0,0,0,ok,validated,,1,1,false_abstention,NOT_EVALUATED
uit-ollama-heldout-v1.1-20260819-03,heldout_test,Q014,Q014-MIX,MIX,answerable,ABSTAIN,0,1,1,1,1,0,0,0,0,ok,validated,,1,1,false_abstention,NOT_EVALUATED
uit-ollama-heldout-v1.1-20260819-03,heldout_test,Q015,Q015-MY,MY,answerable,ABSTAIN,0,0,0,0,1,0,1,0,0,ok,validated,,1,2,false_abstention|gold_page_miss_at_5,NOT_EVALUATED
uit-ollama-heldout-v1.1-20260819-03,heldout_test,Q015,Q015-MIX,MIX,answerable,ANSWER,1,0,1,1,0,0,0,0,1,ok,validated,model_runner_unexpected_stop,2,1,infrastructure_event_recorded,NOT_EVALUATED
uit-ollama-heldout-v1.1-20260819-03,heldout_test,Q016,Q016-MY,MY,answerable,ABSTAIN,0,0,0,0,1,0,1,0,0,ok,validated,,1,2,false_abstention|gold_page_miss_at_5,NOT_EVALUATED
uit-ollama-heldout-v1.1-20260819-03,heldout_test,Q017,Q017-MY,MY,answerable,ABSTAIN,0,1,1,1,1,0,0,0,0,ok,validated,,1,1,false_abstention,NOT_EVALUATED
uit-ollama-heldout-v1.1-20260819-03,heldout_test,Q017,Q017-MIX,MIX,answerable,ABSTAIN,0,0,0,1,1,0,0,1,0,ValueError,citation_and_contract_validation,,1,2,false_abstention|contract_invalid,NOT_EVALUATED
uit-ollama-heldout-v1.1-20260819-03,heldout_test,Q018,Q018-MY,MY,answerable,ABSTAIN,0,0,0,0,1,0,1,0,0,ok,validated,,1,2,false_abstention|gold_page_miss_at_5,NOT_EVALUATED
uit-ollama-heldout-v1.1-20260819-03,heldout_test,Q019,Q019-MY,MY,answerable,ABSTAIN,0,0,1,1,1,0,0,0,0,ok,validated,,1,1,false_abstention,NOT_EVALUATED
uit-ollama-heldout-v1.1-20260819-03,heldout_test,Q022,Q022-MIX,MIX,unanswerable,ANSWER,0,,,,0,1,0,0,0,ok,validated,,1,1,false_answer,NOT_EVALUATED
uit-ollama-heldout-v1.1-20260819-03,heldout_test,Q023,Q023-EN,EN,unanswerable,ANSWER,0,,,,0,1,0,1,0,ValueError,citation_and_contract_validation,,1,2,false_answer|contract_invalid,NOT_EVALUATED
uit-ollama-heldout-v1.1-20260819-03,heldout_test,Q023,Q023-MIX,MIX,unanswerable,ANSWER,0,,,,0,1,0,0,0,ok,validated,,1,1,false_answer,NOT_EVALUATED
uit-ollama-heldout-v1.1-20260819-03,heldout_test,Q030,Q030-EN,EN,unanswerable,ANSWER,0,,,,0,1,0,0,0,ok,validated,,1,1,false_answer,NOT_EVALUATED
uit-ollama-heldout-v1.1-20260819-03,heldout_test,Q030,Q030-MY,MY,unanswerable,ANSWER,0,,,,0,1,0,0,0,ok,validated,,1,1,false_answer,NOT_EVALUATED
uit-ollama-heldout-v1.1-20260819-03,heldout_test,Q030,Q030-MIX,MIX,unanswerable,ANSWER,0,,,,0,1,0,0,0,ok,validated,,1,1,false_answer,NOT_EVALUATED
uit-ollama-heldout-v1.1-20260819-03,heldout_test,Q031,Q031-MY,MY,answerable,ABSTAIN,0,1,1,1,1,0,0,0,0,ok,validated,,1,1,false_abstention,NOT_EVALUATED
uit-ollama-heldout-v1.1-20260819-03,heldout_test,Q031,Q031-MIX,MIX,answerable,ABSTAIN,0,1,1,1,1,0,0,0,0,ok,validated,,1,1,false_abstention,NOT_EVALUATED
uit-ollama-heldout-v1.1-20260819-03,heldout_test,Q033,Q033-MY,MY,answerable,ABSTAIN,0,0,0,0,1,0,1,0,0,ok,validated,,1,2,false_abstention|gold_page_miss_at_5,NOT_EVALUATED
uit-ollama-heldout-v1.1-20260819-03,heldout_test,Q035,Q035-MY,MY,answerable,ABSTAIN,0,0,0,0,1,0,1,0,0,ok,validated,,1,2,false_abstention|gold_page_miss_at_5,NOT_EVALUATED
uit-ollama-heldout-v1.1-20260819-03,heldout_test,Q036,Q036-EN,EN,answerable,ABSTAIN,0,0,0,0,1,0,1,0,0,ok,validated,,1,2,false_abstention|gold_page_miss_at_5,NOT_EVALUATED
uit-ollama-heldout-v1.1-20260819-03,heldout_test,Q036,Q036-MY,MY,answerable,ABSTAIN,0,0,0,0,1,0,1,0,0,ok,validated,,1,2,false_abstention|gold_page_miss_at_5,NOT_EVALUATED
uit-ollama-heldout-v1.1-20260819-03,heldout_test,Q036,Q036-MIX,MIX,answerable,ANSWER,1,0,0,0,0,0,1,1,0,ValueError,citation_and_contract_validation,,1,2,gold_page_miss_at_5|contract_invalid,NOT_EVALUATED
uit-ollama-heldout-v1.1-20260819-03,heldout_test,Q037,Q037-MY,MY,answerable,ABSTAIN,0,0,1,1,1,0,0,0,0,ok,validated,,1,1,false_abstention,NOT_EVALUATED
uit-ollama-heldout-v1.1-20260819-03,heldout_test,Q038,Q038-EN,EN,answerable,ABSTAIN,0,1,1,1,1,0,0,0,0,ok,validated,,1,1,false_abstention,NOT_EVALUATED
uit-ollama-heldout-v1.1-20260819-03,heldout_test,Q038,Q038-MIX,MIX,answerable,ABSTAIN,0,1,1,1,1,0,0,0,0,ok,validated,,1,1,false_abstention,NOT_EVALUATED
uit-ollama-heldout-v1.1-20260819-03,heldout_test,Q039,Q039-EN,EN,answerable,ANSWER,1,0,1,1,0,0,0,0,1,ok,validated,model_runner_unexpected_stop,2,1,infrastructure_event_recorded,NOT_EVALUATED
uit-ollama-heldout-v1.1-20260819-03,heldout_test,Q039,Q039-MY,MY,answerable,ANSWER,1,0,0,0,0,0,1,0,0,ok,validated,,1,1,gold_page_miss_at_5,NOT_EVALUATED
uit-ollama-heldout-v1.1-20260819-03,heldout_test,Q040,Q040-MY,MY,answerable,ABSTAIN,0,0,0,1,1,0,0,0,0,ok,validated,,1,1,false_abstention,NOT_EVALUATED
uit-ollama-heldout-v1.1-20260819-03,heldout_test,Q041,Q041-MY,MY,answerable,ABSTAIN,0,1,1,1,1,0,0,0,0,ok,validated,,1,1,false_abstention,NOT_EVALUATED
uit-ollama-heldout-v1.1-20260819-03,heldout_test,Q041,Q041-MIX,MIX,answerable,ABSTAIN,0,0,0,1,1,0,0,1,0,ValueError,citation_and_contract_validation,,1,2,false_abstention|contract_invalid,NOT_EVALUATED
uit-ollama-heldout-v1.1-20260819-03,heldout_test,Q042,Q042-EN,EN,answerable,ABSTAIN,0,1,1,1,1,0,0,0,0,ok,validated,,1,1,false_abstention,NOT_EVALUATED
uit-ollama-heldout-v1.1-20260819-03,heldout_test,Q043,Q043-EN,EN,answerable,ABSTAIN,0,0,0,0,1,0,1,0,0,ok,validated,,1,2,false_abstention|gold_page_miss_at_5,NOT_EVALUATED
uit-ollama-heldout-v1.1-20260819-03,heldout_test,Q043,Q043-MY,MY,answerable,ABSTAIN,0,0,0,1,1,0,0,0,0,ok,validated,,1,1,false_abstention,NOT_EVALUATED
uit-ollama-heldout-v1.1-20260819-03,heldout_test,Q044,Q044-EN,EN,answerable,ABSTAIN,0,0,0,0,1,0,1,0,0,ok,validated,,1,2,false_abstention|gold_page_miss_at_5,NOT_EVALUATED
uit-ollama-heldout-v1.1-20260819-03,heldout_test,Q044,Q044-MIX,MIX,answerable,ABSTAIN,0,0,0,0,1,0,1,0,0,ok,validated,,1,2,false_abstention|gold_page_miss_at_5,NOT_EVALUATED
uit-ollama-heldout-v1.1-20260819-03,heldout_test,Q047,Q047-MIX,MIX,unanswerable,ANSWER,0,,,,0,1,0,0,0,ok,validated,,1,1,false_answer,NOT_EVALUATED
uit-ollama-heldout-v1.1-20260819-03,heldout_test,Q048,Q048-MIX,MIX,unanswerable,ANSWER,0,,,,0,1,0,0,0,ok,validated,,1,1,false_answer,NOT_EVALUATED
uit-ollama-heldout-v1.1-20260819-03,heldout_test,Q049,Q049-EN,EN,unanswerable,ANSWER,0,,,,0,1,0,0,0,ok,validated,,1,1,false_answer,NOT_EVALUATED
uit-ollama-heldout-v1.1-20260819-03,heldout_test,Q049,Q049-MY,MY,unanswerable,ANSWER,0,,,,0,1,0,0,0,ok,validated,,1,1,false_answer,NOT_EVALUATED
uit-ollama-heldout-v1.1-20260819-03,heldout_test,Q051,Q051-EN,EN,answerable,ABSTAIN,0,1,1,1,1,0,0,0,0,ok,validated,,1,1,false_abstention,NOT_EVALUATED
uit-ollama-heldout-v1.1-20260819-03,heldout_test,Q051,Q051-MY,MY,answerable,ABSTAIN,0,1,1,1,1,0,0,0,0,ok,validated,,1,1,false_abstention,NOT_EVALUATED
uit-ollama-heldout-v1.1-20260819-03,heldout_test,Q053,Q053-EN,EN,answerable,ABSTAIN,0,1,1,1,1,0,0,0,0,ok,validated,,1,1,false_abstention,NOT_EVALUATED
uit-ollama-heldout-v1.1-20260819-03,heldout_test,Q053,Q053-MY,MY,answerable,ABSTAIN,0,1,1,1,1,0,0,0,0,ok,validated,,1,1,false_abstention,NOT_EVALUATED
uit-ollama-heldout-v1.1-20260819-03,heldout_test,Q053,Q053-MIX,MIX,answerable,ANSWER,1,1,1,1,0,0,0,1,0,ValueError,citation_and_contract_validation,,1,1,contract_invalid,NOT_EVALUATED
uit-ollama-heldout-v1.1-20260819-03,heldout_test,Q054,Q054-EN,EN,answerable,ABSTAIN,0,1,1,1,1,0,0,0,0,ok,validated,,1,1,false_abstention,NOT_EVALUATED
uit-ollama-heldout-v1.1-20260819-03,heldout_test,Q054,Q054-MY,MY,answerable,ABSTAIN,0,1,1,1,1,0,0,0,0,ok,validated,,1,1,false_abstention,NOT_EVALUATED
uit-ollama-heldout-v1.1-20260819-03,heldout_test,Q054,Q054-MIX,MIX,answerable,ABSTAIN,0,0,1,1,1,0,0,0,0,ok,validated,,1,1,false_abstention,NOT_EVALUATED
uit-ollama-heldout-v1.1-20260819-03,heldout_test,Q055,Q055-EN,EN,answerable,ABSTAIN,0,0,1,1,1,0,0,0,0,ok,validated,,1,1,false_abstention,NOT_EVALUATED
uit-ollama-heldout-v1.1-20260819-03,heldout_test,Q056,Q056-MY,MY,answerable,ABSTAIN,0,1,1,1,1,0,0,0,0,ok,validated,,1,1,false_abstention,NOT_EVALUATED
uit-ollama-heldout-v1.1-20260819-03,heldout_test,Q059,Q059-EN,EN,answerable,ANSWER,1,1,1,1,0,0,0,1,0,ValueError,citation_and_contract_validation,,1,1,contract_invalid,NOT_EVALUATED
uit-ollama-heldout-v1.1-20260819-03,heldout_test,Q059,Q059-MIX,MIX,answerable,ABSTAIN,0,0,0,0,1,0,1,0,0,ok,validated,,1,2,false_abstention|gold_page_miss_at_5,NOT_EVALUATED
uit-ollama-heldout-v1.1-20260819-03,heldout_test,Q060,Q060-EN,EN,answerable,ANSWER,1,0,0,0,0,0,1,0,0,ok,validated,,1,1,gold_page_miss_at_5,NOT_EVALUATED
uit-ollama-heldout-v1.1-20260819-03,heldout_test,Q060,Q060-MY,MY,answerable,ABSTAIN,0,1,1,1,1,0,0,0,0,ok,validated,,1,1,false_abstention,NOT_EVALUATED
uit-ollama-heldout-v1.1-20260819-03,heldout_test,Q061,Q061-EN,EN,answerable,ANSWER,1,0,0,1,0,0,0,0,1,ok,validated,model_runner_unexpected_stop,2,1,infrastructure_event_recorded,NOT_EVALUATED
uit-ollama-heldout-v1.1-20260819-03,heldout_test,Q066,Q066-MY,MY,answerable,ABSTAIN,0,1,1,1,1,0,0,0,0,ok,validated,,1,1,false_abstention,NOT_EVALUATED
uit-ollama-heldout-v1.1-20260819-03,heldout_test,Q067,Q067-MY,MY,answerable,ANSWER,1,1,1,1,0,0,0,0,1,ok,validated,model_runner_unexpected_stop,2,1,infrastructure_event_recorded,NOT_EVALUATED
uit-ollama-heldout-v1.1-20260819-03,heldout_test,Q071,Q071-MY,MY,answerable,ABSTAIN,0,0,0,0,1,0,1,0,0,ok,validated,,1,2,false_abstention|gold_page_miss_at_5,NOT_EVALUATED
uit-ollama-heldout-v1.1-20260819-03,heldout_test,Q072,Q072-MY,MY,answerable,ABSTAIN,0,0,1,1,1,0,0,0,0,ok,validated,,1,1,false_abstention,NOT_EVALUATED
uit-ollama-heldout-v1.1-20260819-03,heldout_test,Q073,Q073-MY,MY,answerable,ANSWER,1,0,0,0,0,0,1,0,0,ok,validated,,1,1,gold_page_miss_at_5,NOT_EVALUATED
uit-ollama-heldout-v1.1-20260819-03,heldout_test,Q074,Q074-MY,MY,answerable,ABSTAIN,0,0,1,1,1,0,0,0,0,ok,validated,,1,1,false_abstention,NOT_EVALUATED
uit-ollama-heldout-v1.1-20260819-03,heldout_test,Q076,Q076-MY,MY,answerable,ANSWER,1,0,1,1,0,0,0,1,0,ValueError,citation_and_contract_validation,,1,1,contract_invalid,NOT_EVALUATED
uit-ollama-heldout-v1.1-20260819-03,heldout_test,Q077,Q077-EN,EN,answerable,ABSTAIN,0,0,0,0,1,0,1,0,0,ok,validated,,1,2,false_abstention|gold_page_miss_at_5,NOT_EVALUATED
uit-ollama-heldout-v1.1-20260819-03,heldout_test,Q077,Q077-MY,MY,answerable,ANSWER,1,1,1,1,0,0,0,1,0,ValueError,citation_and_contract_validation,,1,1,contract_invalid,NOT_EVALUATED
uit-ollama-heldout-v1.1-20260819-03,heldout_test,Q078,Q078-MIX,MIX,answerable,ANSWER,1,1,1,1,0,0,0,0,1,ok,validated,model_runner_unexpected_stop,2,1,infrastructure_event_recorded,NOT_EVALUATED
uit-ollama-heldout-v1.1-20260819-03,heldout_test,Q079,Q079-EN,EN,answerable,ABSTAIN,0,1,1,1,1,0,0,0,0,ok,validated,,1,1,false_abstention,NOT_EVALUATED
uit-ollama-heldout-v1.1-20260819-03,heldout_test,Q079,Q079-MY,MY,answerable,ABSTAIN,0,1,1,1,1,0,0,0,0,ok,validated,,1,1,false_abstention,NOT_EVALUATED
uit-ollama-heldout-v1.1-20260819-03,heldout_test,Q079,Q079-MIX,MIX,answerable,ABSTAIN,0,1,1,1,1,0,0,1,0,ValueError,citation_and_contract_validation,,1,2,false_abstention|contract_invalid,NOT_EVALUATED
