run_id,intent_id,variant_id,language_condition,answerability,question,generated_answer,decision,cited_chunk_ids,cited_pages,retrieved_chunk_ids,retrieved_pages,generation_model,prompt_version,generation_settings,total_runtime_seconds,load_duration_ns,prompt_eval_duration_ns,eval_duration_ns,error_status,error_notes
uit-ollama-pilot-v1.1-20260818-01,Q002,Q002-EN,EN,answerable,What are the minimum and maximum durations of the four-year bachelor's program in semesters?,,,[],[],"[""UIT-AC-v1.1-CH-044"", ""UIT-AC-v1.1-CH-116"", ""UIT-AC-v1.1-CH-143"", ""UIT-AC-v1.1-CH-068"", ""UIT-AC-v1.1-CH-087""]","[[8], [19], [23], [12], [15]]",gemma3:4b-it-q4_K_M,uit-context-only-json-v1,"{""temperature"": 0, ""top_p"": 0.9, ""top_k"": 40, ""seed"": 42, ""num_ctx"": 8192, ""num_predict"": 512}",51.6872345,,,,ValueError,Citation page must be an integer for UIT-AC-v1.1-CH-044
uit-ollama-pilot-v1.1-20260818-01,Q002,Q002-MY,MY,answerable,လေးနှစ်ဘွဲ့သင်တန်း၏ အနည်းဆုံးနှင့် အများဆုံးသင်တန်းကာလမှာ စာသင်နှစ်ဝက်မည်မျှစီဖြစ်သနည်း။,,,[],[],"[""UIT-AC-v1.1-CH-044"", ""UIT-AC-v1.1-CH-014"", ""UIT-AC-v1.1-CH-051"", ""UIT-AC-v1.1-CH-068"", ""UIT-AC-v1.1-CH-087""]","[[8], [5], [9], [12], [15]]",gemma3:4b-it-q4_K_M,uit-context-only-json-v1,"{""temperature"": 0, ""top_p"": 0.9, ""top_k"": 40, ""seed"": 42, ""num_ctx"": 8192, ""num_predict"": 512}",49.4270982,,,,ValueError,Citation page must be an integer for UIT-AC-v1.1-CH-044
uit-ollama-pilot-v1.1-20260818-01,Q002,Q002-MIX,MIX,answerable,Four-year Bachelor program ရဲ့ minimum နဲ့ maximum duration က Semester ဘယ်နှခုစီလဲ။,,,[],[],"[""UIT-AC-v1.1-CH-087"", ""UIT-AC-v1.1-CH-044"", ""UIT-AC-v1.1-CH-143"", ""UIT-AC-v1.1-CH-014"", ""UIT-AC-v1.1-CH-068""]","[[15], [8], [23], [5], [12]]",gemma3:4b-it-q4_K_M,uit-context-only-json-v1,"{""temperature"": 0, ""top_p"": 0.9, ""top_k"": 40, ""seed"": 42, ""num_ctx"": 8192, ""num_predict"": 512}",52.76102009999998,,,,ValueError,Citation page must be an integer for UIT-AC-v1.1-CH-044
uit-ollama-pilot-v1.1-20260818-01,Q008,Q008-EN,EN,answerable,"How many times in total may a student register for one subject, including normal registration and re-take registration?",,,[],[],"[""UIT-AC-v1.1-CH-061"", ""UIT-AC-v1.1-CH-029"", ""UIT-AC-v1.1-CH-118"", ""UIT-AC-v1.1-CH-024"", ""UIT-AC-v1.1-CH-039""]","[[11], [6], [20], [6], [7]]",gemma3:4b-it-q4_K_M,uit-context-only-json-v1,"{""temperature"": 0, ""top_p"": 0.9, ""top_k"": 40, ""seed"": 42, ""num_ctx"": 8192, ""num_predict"": 512}",41.361184099999974,,,,ValueError,Citation page must be an integer for UIT-AC-v1.1-CH-061
uit-ollama-pilot-v1.1-20260818-01,Q008,Q008-MY,MY,answerable,ဘာသာရပ်တစ်ခုကို ပုံမှန်စာရင်းသွင်းခြင်းနှင့် ပြန်လည်သင်ယူရန် စာရင်းသွင်းခြင်းအပါအဝင် စုစုပေါင်းအကြိမ်မည်မျှ စာရင်းသွင်းနိုင်သနည်း။,,,[],[],"[""UIT-AC-v1.1-CH-061"", ""UIT-AC-v1.1-CH-060"", ""UIT-AC-v1.1-CH-118"", ""UIT-AC-v1.1-CH-130"", ""UIT-AC-v1.1-CH-059""]","[[11], [10, 11], [20], [21], [10]]",gemma3:4b-it-q4_K_M,uit-context-only-json-v1,"{""temperature"": 0, ""top_p"": 0.9, ""top_k"": 40, ""seed"": 42, ""num_ctx"": 8192, ""num_predict"": 512}",47.30328890000001,,,,ValueError,Citation page must be an integer for UIT-AC-v1.1-CH-061
uit-ollama-pilot-v1.1-20260818-01,Q008,Q008-MIX,MIX,answerable,Subject တစ်ခုကို normal registration နဲ့ Re-take အပါအဝင် total ဘယ်နှကြိမ် register လုပ်နိုင်သလဲ။,,,[],[],"[""UIT-AC-v1.1-CH-061"", ""UIT-AC-v1.1-CH-116"", ""UIT-AC-v1.1-CH-118"", ""UIT-AC-v1.1-CH-107"", ""UIT-AC-v1.1-CH-091""]","[[11], [19], [20], [18], [16]]",gemma3:4b-it-q4_K_M,uit-context-only-json-v1,"{""temperature"": 0, ""top_p"": 0.9, ""top_k"": 40, ""seed"": 42, ""num_ctx"": 8192, ""num_predict"": 512}",69.38232009999999,,,,ValueError,Citation page must be an integer for UIT-AC-v1.1-CH-061
uit-ollama-pilot-v1.1-20260818-01,Q024,Q024-EN,EN,unanswerable,How can a student reset a forgotten LMS password?,,,[],[],"[""UIT-AC-v1.1-CH-053"", ""UIT-AC-v1.1-CH-103"", ""UIT-AC-v1.1-CH-016"", ""UIT-AC-v1.1-CH-039"", ""UIT-AC-v1.1-CH-029""]","[[9], [18], [5], [7], [6]]",gemma3:4b-it-q4_K_M,uit-context-only-json-v1,"{""temperature"": 0, ""top_p"": 0.9, ""top_k"": 40, ""seed"": 42, ""num_ctx"": 8192, ""num_predict"": 512}",63.44050420000002,,,,ValueError,Citation page must be an integer for UIT-AC-v1.1-CH-053
uit-ollama-pilot-v1.1-20260818-01,Q024,Q024-MY,MY,unanswerable,မေ့သွားသော သင်ကြားမှုသင်ယူမှုခန့်ခွဲရေးစနစ် လျှို့ဝှက်နံပါတ်ကို ကျောင်းသားတစ်ဦး မည်သို့ပြန်လည်သတ်မှတ်နိုင်သနည်း။,The provided academic regulations do not contain sufficient information to answer the question.,ABSTAIN,[],[],"[""UIT-AC-v1.1-CH-039"", ""UIT-AC-v1.1-CH-040"", ""UIT-AC-v1.1-CH-053"", ""UIT-AC-v1.1-CH-129"", ""UIT-AC-v1.1-CH-108""]","[[7], [7], [9], [21], [18, 19]]",gemma3:4b-it-q4_K_M,uit-context-only-json-v1,"{""temperature"": 0, ""top_p"": 0.9, ""top_k"": 40, ""seed"": 42, ""num_ctx"": 8192, ""num_predict"": 512}",46.07428599999997,661005300,35969553000,7260295000,ok,
uit-ollama-pilot-v1.1-20260818-01,Q024,Q024-MIX,MIX,unanswerable,Forgotten LMS password ကို student က ဘယ်လို reset လုပ်ရမလဲ။,,,[],[],"[""UIT-AC-v1.1-CH-053"", ""UIT-AC-v1.1-CH-039"", ""UIT-AC-v1.1-CH-038"", ""UIT-AC-v1.1-CH-129"", ""UIT-AC-v1.1-CH-029""]","[[9], [7], [7], [21], [6]]",gemma3:4b-it-q4_K_M,uit-context-only-json-v1,"{""temperature"": 0, ""top_p"": 0.9, ""top_k"": 40, ""seed"": 42, ""num_ctx"": 8192, ""num_predict"": 512}",51.11004630000002,,,,ValueError,Citation page must be an integer for UIT-AC-v1.1-CH-053
uit-ollama-pilot-v1.1-20260818-01,Q029,Q029-EN,EN,unanswerable,On what exact date does the next semester begin?,The provided academic regulations do not contain sufficient information to answer the question.,ABSTAIN,[],[],"[""UIT-AC-v1.1-CH-093"", ""UIT-AC-v1.1-CH-091"", ""UIT-AC-v1.1-CH-142"", ""UIT-AC-v1.1-CH-090"", ""UIT-AC-v1.1-CH-014""]","[[16], [16], [23], [15], [5]]",gemma3:4b-it-q4_K_M,uit-context-only-json-v1,"{""temperature"": 0, ""top_p"": 0.9, ""top_k"": 40, ""seed"": 42, ""num_ctx"": 8192, ""num_predict"": 512}",60.276130600000045,655998600,49677268000,7753878000,ok,
uit-ollama-pilot-v1.1-20260818-01,Q029,Q029-MY,MY,unanswerable,လာမည့်စာသင်နှစ်ဝက်ကို မည်သည့်ရက်အတိအကျတွင် စတင်မည်နည်း။,,,[],[],"[""UIT-AC-v1.1-CH-129"", ""UIT-AC-v1.1-CH-142"", ""UIT-AC-v1.1-CH-093"", ""UIT-AC-v1.1-CH-130"", ""UIT-AC-v1.1-CH-058""]","[[21], [23], [16], [21], [10]]",gemma3:4b-it-q4_K_M,uit-context-only-json-v1,"{""temperature"": 0, ""top_p"": 0.9, ""top_k"": 40, ""seed"": 42, ""num_ctx"": 8192, ""num_predict"": 512}",66.05952190000005,,,,ValueError,Citation page must be an integer for UIT-AC-v1.1-CH-129
uit-ollama-pilot-v1.1-20260818-01,Q029,Q029-MIX,MIX,unanswerable,Next Semester က exact ဘယ် date မှာ စမလဲ။,The provided academic regulations do not contain sufficient information to answer the question.,ABSTAIN,[],[],"[""UIT-AC-v1.1-CH-129"", ""UIT-AC-v1.1-CH-093"", ""UIT-AC-v1.1-CH-091"", ""UIT-AC-v1.1-CH-087"", ""UIT-AC-v1.1-CH-014""]","[[21], [16], [16], [15], [5]]",gemma3:4b-it-q4_K_M,uit-context-only-json-v1,"{""temperature"": 0, ""top_p"": 0.9, ""top_k"": 40, ""seed"": 42, ""num_ctx"": 8192, ""num_predict"": 512}",61.35576400000002,651123200,50980774000,7541159000,ok,
uit-ollama-pilot-v1.1-20260818-01,Q057,Q057-EN,EN,answerable,What is a Class Adviser responsible for?,,,[],[],"[""UIT-AC-v1.1-CH-012"", ""UIT-AC-v1.1-CH-030"", ""UIT-AC-v1.1-CH-021"", ""UIT-AC-v1.1-CH-011"", ""UIT-AC-v1.1-CH-038""]","[[5], [6], [6], [5], [7]]",gemma3:4b-it-q4_K_M,uit-context-only-json-v1,"{""temperature"": 0, ""top_p"": 0.9, ""top_k"": 40, ""seed"": 42, ""num_ctx"": 8192, ""num_predict"": 512}",38.45057140000006,,,,ValueError,Citation page must be an integer for UIT-AC-v1.1-CH-012
uit-ollama-pilot-v1.1-20260818-01,Q057,Q057-MY,MY,answerable,အတန်းပိုင်၏ တာဝန်မှာ အဘယ်နည်း။,,,[],[],"[""UIT-AC-v1.1-CH-013"", ""UIT-AC-v1.1-CH-004"", ""UIT-AC-v1.1-CH-011"", ""UIT-AC-v1.1-CH-069"", ""UIT-AC-v1.1-CH-105""]","[[5], [4], [5], [12], [18]]",gemma3:4b-it-q4_K_M,uit-context-only-json-v1,"{""temperature"": 0, ""top_p"": 0.9, ""top_k"": 40, ""seed"": 42, ""num_ctx"": 8192, ""num_predict"": 512}",58.23281910000003,,,,ValueError,Citation page must be an integer for UIT-AC-v1.1-CH-013
uit-ollama-pilot-v1.1-20260818-01,Q057,Q057-MIX,MIX,answerable,Class Adviser ရဲ့ responsibility ကဘာလဲ။,,,[],[],"[""UIT-AC-v1.1-CH-012"", ""UIT-AC-v1.1-CH-099"", ""UIT-AC-v1.1-CH-105"", ""UIT-AC-v1.1-CH-053"", ""UIT-AC-v1.1-CH-011""]","[[5], [17], [18], [9], [5]]",gemma3:4b-it-q4_K_M,uit-context-only-json-v1,"{""temperature"": 0, ""top_p"": 0.9, ""top_k"": 40, ""seed"": 42, ""num_ctx"": 8192, ""num_predict"": 512}",61.99277319999999,,,,ValueError,Citation page must be an integer for UIT-AC-v1.1-CH-012
