outcome,population,language,numerator,denominator,proportion,ci_95_lower,ci_95_upper
decision_correct,all,EN,59,74,0.7972972972972973,0.6921222305619936,0.8731292519590741
decision_correct,all,MY,45,74,0.6081081081081081,0.4941951930412879,0.7113508006027368
decision_correct,all,MIX,59,74,0.7972972972972973,0.6921222305619936,0.8731292519590741
hit_at_1,answerable,EN,31,60,0.5166666666666667,0.393078100325925,0.6382495046026722
hit_at_1,answerable,MY,28,60,0.4666666666666667,0.34627906041438494,0.591065729728421
hit_at_1,answerable,MIX,36,60,0.6,0.47366053492040755,0.7143050946511744
hit_at_3,answerable,EN,45,60,0.75,0.6276792992295219,0.8422347746994332
hit_at_3,answerable,MY,45,60,0.75,0.6276792992295219,0.8422347746994332
hit_at_3,answerable,MIX,49,60,0.8166666666666667,0.7008024625353195,0.8944220311080235
hit_at_5,answerable,EN,52,60,0.8666666666666667,0.7583484032350039,0.9308589051941303
hit_at_5,answerable,MY,49,60,0.8166666666666667,0.7008024625353195,0.8944220311080235
hit_at_5,answerable,MIX,56,60,0.9333333333333333,0.8407464268680284,0.9737713012754937
false_abstention,answerable,EN,12,60,0.2,0.11828505322897497,0.31781805805627894
false_abstention,answerable,MY,27,60,0.45,0.33093654406755235,0.5750806411466566
false_abstention,answerable,MIX,10,60,0.16666666666666666,0.09313176979191454,0.2803161316361453
false_answer,unanswerable,EN,3,14,0.21428571428571427,0.07571386712693184,0.47589230586600284
false_answer,unanswerable,MY,2,14,0.14285714285714285,0.04009392127146494,0.3994137949697035
false_answer,unanswerable,MIX,5,14,0.35714285714285715,0.1634473175355414,0.612355768960926
