intent_id,answerability,EN_decision,EN_decision_correct,EN_false_abstention,EN_false_answer,EN_hit_at_1,EN_hit_at_3,EN_hit_at_5,MY_decision,MY_decision_correct,MY_false_abstention,MY_false_answer,MY_hit_at_1,MY_hit_at_3,MY_hit_at_5,MIX_decision,MIX_decision_correct,MIX_false_abstention,MIX_false_answer,MIX_hit_at_1,MIX_hit_at_3,MIX_hit_at_5
Q001,answerable,ABSTAIN,0,1,0,0,0,0,ANSWER,1,0,0,0,1,1,ANSWER,1,0,0,0,1,1
Q003,answerable,ANSWER,1,0,0,1,1,1,ABSTAIN,0,1,0,1,1,1,ANSWER,1,0,0,1,1,1
Q004,answerable,ANSWER,1,0,0,0,0,0,ABSTAIN,0,1,0,1,1,1,ABSTAIN,0,1,0,0,0,1
Q005,answerable,ANSWER,1,0,0,1,1,1,ANSWER,1,0,0,1,1,1,ANSWER,1,0,0,1,1,1
Q006,answerable,ANSWER,1,0,0,1,1,1,ANSWER,1,0,0,1,1,1,ANSWER,1,0,0,0,1,1
Q007,answerable,ANSWER,1,0,0,0,0,0,ABSTAIN,0,1,0,0,0,0,ANSWER,1,0,0,0,0,0
Q009,answerable,ANSWER,1,0,0,1,1,1,ANSWER,1,0,0,0,0,0,ANSWER,1,0,0,1,1,1
Q010,answerable,ANSWER,1,0,0,1,1,1,ANSWER,1,0,0,0,1,1,ANSWER,1,0,0,1,1,1
Q011,answerable,ANSWER,1,0,0,0,1,1,ANSWER,1,0,0,0,0,1,ANSWER,1,0,0,0,1,1
Q012,answerable,ANSWER,1,0,0,1,1,1,ANSWER,1,0,0,1,1,1,ANSWER,1,0,0,1,1,1
Q013,answerable,ANSWER,1,0,0,1,1,1,ANSWER,1,0,0,0,1,1,ANSWER,1,0,0,1,1,1
Q014,answerable,ANSWER,1,0,0,1,1,1,ABSTAIN,0,1,0,1,1,1,ABSTAIN,0,1,0,1,1,1
Q015,answerable,ANSWER,1,0,0,0,1,1,ABSTAIN,0,1,0,0,0,0,ANSWER,1,0,0,0,1,1
Q016,answerable,ANSWER,1,0,0,0,1,1,ABSTAIN,0,1,0,0,0,0,ANSWER,1,0,0,1,1,1
Q017,answerable,ANSWER,1,0,0,0,1,1,ABSTAIN,0,1,0,1,1,1,ABSTAIN,0,1,0,0,0,1
Q018,answerable,ANSWER,1,0,0,1,1,1,ABSTAIN,0,1,0,0,0,0,ANSWER,1,0,0,0,1,1
Q019,answerable,ANSWER,1,0,0,1,1,1,ABSTAIN,0,1,0,0,1,1,ANSWER,1,0,0,0,1,1
Q020,answerable,ANSWER,1,0,0,0,1,1,ANSWER,1,0,0,1,1,1,ANSWER,1,0,0,1,1,1
Q021,unanswerable,ABSTAIN,1,0,0,,,,ABSTAIN,1,0,0,,,,ABSTAIN,1,0,0,,,
Q022,unanswerable,ABSTAIN,1,0,0,,,,ABSTAIN,1,0,0,,,,ANSWER,0,0,1,,,
Q023,unanswerable,ANSWER,0,0,1,,,,ABSTAIN,1,0,0,,,,ANSWER,0,0,1,,,
Q025,unanswerable,ABSTAIN,1,0,0,,,,ABSTAIN,1,0,0,,,,ABSTAIN,1,0,0,,,
Q026,unanswerable,ABSTAIN,1,0,0,,,,ABSTAIN,1,0,0,,,,ABSTAIN,1,0,0,,,
Q027,unanswerable,ABSTAIN,1,0,0,,,,ABSTAIN,1,0,0,,,,ABSTAIN,1,0,0,,,
Q028,unanswerable,ABSTAIN,1,0,0,,,,ABSTAIN,1,0,0,,,,ABSTAIN,1,0,0,,,
Q030,unanswerable,ANSWER,0,0,1,,,,ANSWER,0,0,1,,,,ANSWER,0,0,1,,,
Q031,answerable,ANSWER,1,0,0,1,1,1,ABSTAIN,0,1,0,1,1,1,ABSTAIN,0,1,0,1,1,1
Q032,answerable,ANSWER,1,0,0,0,1,1,ANSWER,1,0,0,0,1,1,ANSWER,1,0,0,0,0,1
Q033,answerable,ANSWER,1,0,0,1,1,1,ABSTAIN,0,1,0,0,0,0,ANSWER,1,0,0,1,1,1
Q034,answerable,ANSWER,1,0,0,1,1,1,ANSWER,1,0,0,1,1,1,ANSWER,1,0,0,1,1,1
Q035,answerable,ANSWER,1,0,0,1,1,1,ABSTAIN,0,1,0,0,0,0,ANSWER,1,0,0,1,1,1
Q036,answerable,ABSTAIN,0,1,0,0,0,0,ABSTAIN,0,1,0,0,0,0,ANSWER,1,0,0,0,0,0
Q037,answerable,ANSWER,1,0,0,1,1,1,ABSTAIN,0,1,0,0,1,1,ANSWER,1,0,0,0,1,1
Q038,answerable,ABSTAIN,0,1,0,1,1,1,ANSWER,1,0,0,1,1,1,ABSTAIN,0,1,0,1,1,1
Q039,answerable,ANSWER,1,0,0,0,1,1,ANSWER,1,0,0,0,0,0,ANSWER,1,0,0,0,0,1
Q040,answerable,ANSWER,1,0,0,1,1,1,ABSTAIN,0,1,0,0,0,1,ANSWER,1,0,0,0,1,1
Q041,answerable,ANSWER,1,0,0,1,1,1,ABSTAIN,0,1,0,1,1,1,ABSTAIN,0,1,0,0,0,1
Q042,answerable,ABSTAIN,0,1,0,1,1,1,ANSWER,1,0,0,1,1,1,ANSWER,1,0,0,1,1,1
Q043,answerable,ABSTAIN,0,1,0,0,0,0,ABSTAIN,0,1,0,0,0,1,ANSWER,1,0,0,1,1,1
Q044,answerable,ABSTAIN,0,1,0,0,0,0,ANSWER,1,0,0,0,0,1,ABSTAIN,0,1,0,0,0,0
Q045,unanswerable,ABSTAIN,1,0,0,,,,ABSTAIN,1,0,0,,,,ABSTAIN,1,0,0,,,
Q046,unanswerable,ABSTAIN,1,0,0,,,,ABSTAIN,1,0,0,,,,ABSTAIN,1,0,0,,,
Q047,unanswerable,ABSTAIN,1,0,0,,,,ABSTAIN,1,0,0,,,,ANSWER,0,0,1,,,
Q048,unanswerable,ABSTAIN,1,0,0,,,,ABSTAIN,1,0,0,,,,ANSWER,0,0,1,,,
Q049,unanswerable,ANSWER,0,0,1,,,,ANSWER,0,0,1,,,,ABSTAIN,1,0,0,,,
Q050,unanswerable,ABSTAIN,1,0,0,,,,ABSTAIN,1,0,0,,,,ABSTAIN,1,0,0,,,
Q051,answerable,ABSTAIN,0,1,0,1,1,1,ABSTAIN,0,1,0,1,1,1,ANSWER,1,0,0,1,1,1
Q052,answerable,ANSWER,1,0,0,1,1,1,ANSWER,1,0,0,1,1,1,ANSWER,1,0,0,1,1,1
Q053,answerable,ABSTAIN,0,1,0,1,1,1,ABSTAIN,0,1,0,1,1,1,ANSWER,1,0,0,1,1,1
Q054,answerable,ABSTAIN,0,1,0,1,1,1,ABSTAIN,0,1,0,1,1,1,ABSTAIN,0,1,0,0,1,1
Q055,answerable,ABSTAIN,0,1,0,0,1,1,ANSWER,1,0,0,1,1,1,ANSWER,1,0,0,0,0,1
Q056,answerable,ANSWER,1,0,0,1,1,1,ABSTAIN,0,1,0,1,1,1,ANSWER,1,0,0,1,1,1
Q058,answerable,ANSWER,1,0,0,0,1,1,ANSWER,1,0,0,0,1,1,ANSWER,1,0,0,1,1,1
Q059,answerable,ANSWER,1,0,0,1,1,1,ANSWER,1,0,0,0,1,1,ABSTAIN,0,1,0,0,0,0
Q060,answerable,ANSWER,1,0,0,0,0,0,ABSTAIN,0,1,0,1,1,1,ANSWER,1,0,0,0,0,1
Q061,answerable,ANSWER,1,0,0,0,0,1,ANSWER,1,0,0,0,1,1,ANSWER,1,0,0,1,1,1
Q062,answerable,ANSWER,1,0,0,0,1,1,ANSWER,1,0,0,0,1,1,ANSWER,1,0,0,1,1,1
Q063,answerable,ANSWER,1,0,0,0,1,1,ANSWER,1,0,0,0,1,1,ANSWER,1,0,0,0,1,1
Q064,answerable,ANSWER,1,0,0,0,0,1,ANSWER,1,0,0,1,1,1,ANSWER,1,0,0,1,1,1
Q065,answerable,ANSWER,1,0,0,0,0,1,ANSWER,1,0,0,1,1,1,ANSWER,1,0,0,1,1,1
Q066,answerable,ANSWER,1,0,0,0,0,1,ABSTAIN,0,1,0,1,1,1,ANSWER,1,0,0,1,1,1
Q067,answerable,ANSWER,1,0,0,0,0,1,ANSWER,1,0,0,1,1,1,ANSWER,1,0,0,1,1,1
Q068,answerable,ANSWER,1,0,0,0,0,1,ANSWER,1,0,0,0,1,1,ANSWER,1,0,0,1,1,1
Q069,answerable,ANSWER,1,0,0,0,1,1,ANSWER,1,0,0,0,1,1,ANSWER,1,0,0,1,1,1
Q070,answerable,ANSWER,1,0,0,0,1,1,ANSWER,1,0,0,1,1,1,ANSWER,1,0,0,1,1,1
Q071,answerable,ANSWER,1,0,0,0,1,1,ABSTAIN,0,1,0,0,0,0,ANSWER,1,0,0,1,1,1
Q072,answerable,ANSWER,1,0,0,1,1,1,ABSTAIN,0,1,0,0,1,1,ANSWER,1,0,0,1,1,1
Q073,answerable,ANSWER,1,0,0,0,0,1,ANSWER,1,0,0,0,0,0,ANSWER,1,0,0,0,1,1
Q074,answerable,ANSWER,1,0,0,1,1,1,ABSTAIN,0,1,0,0,1,1,ANSWER,1,0,0,0,1,1
Q075,answerable,ANSWER,1,0,0,1,1,1,ANSWER,1,0,0,1,1,1,ANSWER,1,0,0,1,1,1
Q076,answerable,ANSWER,1,0,0,1,1,1,ANSWER,1,0,0,0,1,1,ANSWER,1,0,0,1,1,1
Q077,answerable,ABSTAIN,0,1,0,0,0,0,ANSWER,1,0,0,1,1,1,ANSWER,1,0,0,0,1,1
Q078,answerable,ANSWER,1,0,0,1,1,1,ANSWER,1,0,0,0,1,1,ANSWER,1,0,0,1,1,1
Q079,answerable,ABSTAIN,0,1,0,1,1,1,ABSTAIN,0,1,0,1,1,1,ABSTAIN,0,1,0,1,1,1
