run_id,intent_id,variant_id,language_condition,answerability,question,gold_evidence_page,top1_chunk_id,top1_page,top1_score,retrieved_chunk_ids,retrieved_pages,retrieved_page_sets,retrieved_scores,hit_at_1,hit_at_3,hit_at_5,first_relevant_rank,reciprocal_rank,evaluation_status,error_notes
UIT-RAG-CHUNKING-v1.1-pilot-seed-42,Q002,Q002-EN,EN,answerable,What are the minimum and maximum durations of the four-year bachelor's program in semesters?,8,UIT-AC-v1.1-CH-044,8,0.8114102482795715,"[""UIT-AC-v1.1-CH-044"", ""UIT-AC-v1.1-CH-116"", ""UIT-AC-v1.1-CH-143"", ""UIT-AC-v1.1-CH-068"", ""UIT-AC-v1.1-CH-087""]","[8, 19, 23, 12, 15]","[[8], [19], [23], [12], [15]]","[0.8114102482795715, 0.8105779886245728, 0.8057454824447632, 0.8041805624961853, 0.7996066212654114]",1,1,1,1,1.0,evaluated,
UIT-RAG-CHUNKING-v1.1-pilot-seed-42,Q002,Q002-MY,MY,answerable,လေးနှစ်ဘွဲ့သင်တန်း၏ အနည်းဆုံးနှင့် အများဆုံးသင်တန်းကာလမှာ စာသင်နှစ်ဝက်မည်မျှစီဖြစ်သနည်း။,8,UIT-AC-v1.1-CH-044,8,0.8483626842498779,"[""UIT-AC-v1.1-CH-044"", ""UIT-AC-v1.1-CH-014"", ""UIT-AC-v1.1-CH-051"", ""UIT-AC-v1.1-CH-068"", ""UIT-AC-v1.1-CH-087""]","[8, 5, 9, 12, 15]","[[8], [5], [9], [12], [15]]","[0.8483626842498779, 0.8457359075546265, 0.8420720100402832, 0.8409759998321533, 0.8394433259963989]",1,1,1,1,1.0,evaluated,
UIT-RAG-CHUNKING-v1.1-pilot-seed-42,Q002,Q002-MIX,MIX,answerable,Four-year Bachelor program ရဲ့ minimum နဲ့ maximum duration က Semester ဘယ်နှခုစီလဲ။,8,UIT-AC-v1.1-CH-087,15,0.8456954956054688,"[""UIT-AC-v1.1-CH-087"", ""UIT-AC-v1.1-CH-044"", ""UIT-AC-v1.1-CH-143"", ""UIT-AC-v1.1-CH-014"", ""UIT-AC-v1.1-CH-068""]","[15, 8, 23, 5, 12]","[[15], [8], [23], [5], [12]]","[0.8456954956054688, 0.8451650142669678, 0.8423846960067749, 0.8409695625305176, 0.8400718569755554]",0,1,1,2,0.5,evaluated,
UIT-RAG-CHUNKING-v1.1-pilot-seed-42,Q008,Q008-EN,EN,answerable,"How many times in total may a student register for one subject, including normal registration and re-take registration?",11,UIT-AC-v1.1-CH-061,11,0.8322973847389221,"[""UIT-AC-v1.1-CH-061"", ""UIT-AC-v1.1-CH-029"", ""UIT-AC-v1.1-CH-118"", ""UIT-AC-v1.1-CH-024"", ""UIT-AC-v1.1-CH-039""]","[11, 6, 20, 6, 7]","[[11], [6], [20], [6], [7]]","[0.8322973847389221, 0.8178386688232422, 0.8172708749771118, 0.8107858896255493, 0.8083518743515015]",1,1,1,1,1.0,evaluated,
UIT-RAG-CHUNKING-v1.1-pilot-seed-42,Q008,Q008-MY,MY,answerable,ဘာသာရပ်တစ်ခုကို ပုံမှန်စာရင်းသွင်းခြင်းနှင့် ပြန်လည်သင်ယူရန် စာရင်းသွင်းခြင်းအပါအဝင် စုစုပေါင်းအကြိမ်မည်မျှ စာရင်းသွင်းနိုင်သနည်း။,11,UIT-AC-v1.1-CH-061,11,0.872530460357666,"[""UIT-AC-v1.1-CH-061"", ""UIT-AC-v1.1-CH-060"", ""UIT-AC-v1.1-CH-118"", ""UIT-AC-v1.1-CH-130"", ""UIT-AC-v1.1-CH-059""]","[11, 10, 20, 21, 10]","[[11], [10, 11], [20], [21], [10]]","[0.872530460357666, 0.8568688631057739, 0.8538169860839844, 0.8484858274459839, 0.8425522446632385]",1,1,1,1,1.0,evaluated,
UIT-RAG-CHUNKING-v1.1-pilot-seed-42,Q008,Q008-MIX,MIX,answerable,Subject တစ်ခုကို normal registration နဲ့ Re-take အပါအဝင် total ဘယ်နှကြိမ် register လုပ်နိုင်သလဲ။,11,UIT-AC-v1.1-CH-061,11,0.8644974231719971,"[""UIT-AC-v1.1-CH-061"", ""UIT-AC-v1.1-CH-116"", ""UIT-AC-v1.1-CH-118"", ""UIT-AC-v1.1-CH-107"", ""UIT-AC-v1.1-CH-091""]","[11, 19, 20, 18, 16]","[[11], [19], [20], [18], [16]]","[0.8644974231719971, 0.8443915843963623, 0.8384382128715515, 0.8375736474990845, 0.8346470594406128]",1,1,1,1,1.0,evaluated,
UIT-RAG-CHUNKING-v1.1-pilot-seed-42,Q024,Q024-EN,EN,unanswerable,How can a student reset a forgotten LMS password?,,UIT-AC-v1.1-CH-053,9,0.8492730855941772,"[""UIT-AC-v1.1-CH-053"", ""UIT-AC-v1.1-CH-103"", ""UIT-AC-v1.1-CH-016"", ""UIT-AC-v1.1-CH-039"", ""UIT-AC-v1.1-CH-029""]","[9, 18, 5, 7, 6]","[[9], [18], [5], [7], [6]]","[0.8492730855941772, 0.8177250027656555, 0.8153266310691833, 0.8115636706352234, 0.8106385469436646]",,,,,,unanswerable_score_only,
UIT-RAG-CHUNKING-v1.1-pilot-seed-42,Q024,Q024-MY,MY,unanswerable,မေ့သွားသော သင်ကြားမှုသင်ယူမှုခန့်ခွဲရေးစနစ် လျှို့ဝှက်နံပါတ်ကို ကျောင်းသားတစ်ဦး မည်သို့ပြန်လည်သတ်မှတ်နိုင်သနည်း။,,UIT-AC-v1.1-CH-039,7,0.8681248426437378,"[""UIT-AC-v1.1-CH-039"", ""UIT-AC-v1.1-CH-040"", ""UIT-AC-v1.1-CH-053"", ""UIT-AC-v1.1-CH-129"", ""UIT-AC-v1.1-CH-108""]","[7, 7, 9, 21, 18]","[[7], [7], [9], [21], [18, 19]]","[0.8681248426437378, 0.8526211977005005, 0.8520779609680176, 0.8496277928352356, 0.8461078405380249]",,,,,,unanswerable_score_only,
UIT-RAG-CHUNKING-v1.1-pilot-seed-42,Q024,Q024-MIX,MIX,unanswerable,Forgotten LMS password ကို student က ဘယ်လို reset လုပ်ရမလဲ။,,UIT-AC-v1.1-CH-053,9,0.8658499121665955,"[""UIT-AC-v1.1-CH-053"", ""UIT-AC-v1.1-CH-039"", ""UIT-AC-v1.1-CH-038"", ""UIT-AC-v1.1-CH-129"", ""UIT-AC-v1.1-CH-029""]","[9, 7, 7, 21, 6]","[[9], [7], [7], [21], [6]]","[0.8658499121665955, 0.8392874002456665, 0.8263691663742065, 0.8248642683029175, 0.8217943906784058]",,,,,,unanswerable_score_only,
UIT-RAG-CHUNKING-v1.1-pilot-seed-42,Q029,Q029-EN,EN,unanswerable,On what exact date does the next semester begin?,,UIT-AC-v1.1-CH-093,16,0.8084956407546997,"[""UIT-AC-v1.1-CH-093"", ""UIT-AC-v1.1-CH-091"", ""UIT-AC-v1.1-CH-142"", ""UIT-AC-v1.1-CH-090"", ""UIT-AC-v1.1-CH-014""]","[16, 16, 23, 15, 5]","[[16], [16], [23], [15], [5]]","[0.8084956407546997, 0.8012939691543579, 0.7993297576904297, 0.795030951499939, 0.7932685017585754]",,,,,,unanswerable_score_only,
UIT-RAG-CHUNKING-v1.1-pilot-seed-42,Q029,Q029-MY,MY,unanswerable,လာမည့်စာသင်နှစ်ဝက်ကို မည်သည့်ရက်အတိအကျတွင် စတင်မည်နည်း။,,UIT-AC-v1.1-CH-129,21,0.8609752655029297,"[""UIT-AC-v1.1-CH-129"", ""UIT-AC-v1.1-CH-142"", ""UIT-AC-v1.1-CH-093"", ""UIT-AC-v1.1-CH-130"", ""UIT-AC-v1.1-CH-058""]","[21, 23, 16, 21, 10]","[[21], [23], [16], [21], [10]]","[0.8609752655029297, 0.838782548904419, 0.8366261720657349, 0.835223913192749, 0.8332209587097168]",,,,,,unanswerable_score_only,
UIT-RAG-CHUNKING-v1.1-pilot-seed-42,Q029,Q029-MIX,MIX,unanswerable,Next Semester က exact ဘယ် date မှာ စမလဲ။,,UIT-AC-v1.1-CH-129,21,0.8346885442733765,"[""UIT-AC-v1.1-CH-129"", ""UIT-AC-v1.1-CH-093"", ""UIT-AC-v1.1-CH-091"", ""UIT-AC-v1.1-CH-087"", ""UIT-AC-v1.1-CH-014""]","[21, 16, 16, 15, 5]","[[21], [16], [16], [15], [5]]","[0.8346885442733765, 0.8315502405166626, 0.825459361076355, 0.8238198757171631, 0.8233165740966797]",,,,,,unanswerable_score_only,
UIT-RAG-CHUNKING-v1.1-pilot-seed-42,Q057,Q057-EN,EN,answerable,What is a Class Adviser responsible for?,5,UIT-AC-v1.1-CH-012,5,0.7948247194290161,"[""UIT-AC-v1.1-CH-012"", ""UIT-AC-v1.1-CH-030"", ""UIT-AC-v1.1-CH-021"", ""UIT-AC-v1.1-CH-011"", ""UIT-AC-v1.1-CH-038""]","[5, 6, 6, 5, 7]","[[5], [6], [6], [5], [7]]","[0.7948247194290161, 0.7876067161560059, 0.7854931950569153, 0.7827231884002686, 0.7812899947166443]",1,1,1,1,1.0,evaluated,
UIT-RAG-CHUNKING-v1.1-pilot-seed-42,Q057,Q057-MY,MY,answerable,အတန်းပိုင်၏ တာဝန်မှာ အဘယ်နည်း။,5,UIT-AC-v1.1-CH-013,5,0.8679462671279907,"[""UIT-AC-v1.1-CH-013"", ""UIT-AC-v1.1-CH-004"", ""UIT-AC-v1.1-CH-011"", ""UIT-AC-v1.1-CH-069"", ""UIT-AC-v1.1-CH-105""]","[5, 4, 5, 12, 18]","[[5], [4], [5], [12], [18]]","[0.8679462671279907, 0.8482678532600403, 0.8377420902252197, 0.8361374139785767, 0.8360347151756287]",1,1,1,1,1.0,evaluated,
UIT-RAG-CHUNKING-v1.1-pilot-seed-42,Q057,Q057-MIX,MIX,answerable,Class Adviser ရဲ့ responsibility ကဘာလဲ။,5,UIT-AC-v1.1-CH-012,5,0.8319836854934692,"[""UIT-AC-v1.1-CH-012"", ""UIT-AC-v1.1-CH-099"", ""UIT-AC-v1.1-CH-105"", ""UIT-AC-v1.1-CH-053"", ""UIT-AC-v1.1-CH-011""]","[5, 17, 18, 9, 5]","[[5], [17], [18], [9], [5]]","[0.8319836854934692, 0.8305290937423706, 0.8300259709358215, 0.8294458389282227, 0.8278512954711914]",1,1,1,1,1.0,evaluated,
